variable_value,primary_mean,primary_ci95,trapdoors_issued_mean,trapdoors_issued_ci95,cross_node_msgs_mean,cross_node_msgs_ci95,results_returned_mean,results_returned_ci95,n_runs
2,62.786972,64.557471,2.0,0.0,0.0,0.0,695.2,718.180871,10
3,118.880043,90.77615,3.0,0.0,0.0,0.0,1319.7,1010.099603,10
4,188.764098,87.304638,4.0,0.0,0.0,0.0,2095.5,970.929886,10
5,213.401632,163.627995,5.0,0.0,0.0,0.0,2354.6,1801.131345,10
6,150.642362,101.817023,6.0,0.0,0.0,0.0,1667.5,1132.047338,10
7,194.172016,68.828829,7.0,0.0,0.0,0.0,2130.5,758.200951,10
8,146.723327,63.643588,8.0,0.0,0.0,0.0,1617.5,707.770157,10
9,163.132846,62.919904,9.0,0.0,0.0,0.0,1785.4,691.096743,10
10,232.496371,118.624153,10.0,0.0,0.0,0.0,2554.4,1307.254727,10
