variable_value,primary_mean,primary_ci95,secondary_1_mean,secondary_1_ci95,secondary_2_mean,secondary_2_ci95,n_runs
2,148323.8,184.407246,10.0,0.0,2.0,0.0,30
3,148320.133333,112.222988,15.0,0.0,3.0,0.0,30
4,149726.233333,207.644557,20.0,0.0,4.0,0.0,30
5,148502.7,149.554576,25.0,0.0,5.0,0.0,30
6,149015.366667,125.650892,30.0,0.0,6.0,0.0,30
7,148419.666667,99.155124,35.0,0.0,7.0,0.0,30
8,148920.2,97.295269,40.0,0.0,8.0,0.0,30
9,153142.266667,88.021759,45.0,0.0,9.0,0.0,30
10,150437.966667,89.755381,50.0,0.0,10.0,0.0,30
