lambda_1_auth,lambda_2_index,lambda_3_verify,lambda_4_sync,lambda_5_queue,throughput_queries_per_second,fsn_utilization_stddev
0.0,0.0,0.0,0.0,1.0,10081.3006,0.07812
0.0,0.0,0.0,0.1,0.9,10646.0332,0.080799
0.0,0.0,0.0,0.2,0.8,10448.764,0.083024
0.0,0.0,0.0,0.3,0.7,10570.4558,0.080212
0.0,0.0,0.0,0.4,0.6,10530.4903,0.081309
0.0,0.0,0.0,0.5,0.5,10748.5205,0.081806
0.0,0.0,0.0,0.6,0.4,10688.502,0.08008
0.0,0.0,0.0,0.7,0.3,10818.1613,0.084358
0.0,0.0,0.0,0.8,0.2,10802.1387,0.079629
0.0,0.0,0.0,0.9,0.1,10989.1982,0.084014
0.0,0.0,0.0,1.0,0.0,10829.8421,0.083076
0.0,0.0,0.1,0.0,0.9,10585.6041,0.070093
0.0,0.0,0.1,0.1,0.8,10505.0138,0.065371
0.0,0.0,0.1,0.2,0.7,10661.6776,0.063293
0.0,0.0,0.1,0.3,0.6,11119.426,0.070211
0.0,0.0,0.1,0.4,0.5,11083.3375,0.078157
0.0,0.0,0.1,0.5,0.4,10853.7223,0.082554
0.0,0.0,0.1,0.6,0.3,10769.7484,0.076144
0.0,0.0,0.1,0.7,0.2,10523.9252,0.06841
0.0,0.0,0.1,0.8,0.1,11039.8099,0.080077
0.0,0.0,0.1,0.9,0.0,11102.1085,0.078841
0.0,0.0,0.2,0.0,0.8,10342.6414,0.075045
0.0,0.0,0.2,0.1,0.7,11594.5941,0.075513
0.0,0.0,0.2,0.2,0.6,11122.1406,0.078471
0.0,0.0,0.2,0.3,0.5,10884.9437,0.064818
0.0,0.0,0.2,0.4,0.4,10630.5737,0.075398
0.0,0.0,0.2,0.5,0.3,11316.9386,0.075823
0.0,0.0,0.2,0.6,0.2,10848.6674,0.074671
0.0,0.0,0.2,0.7,0.1,11588.4188,0.064372
0.0,0.0,0.2,0.8,0.0,10459.2511,0.072579
0.0,0.0,0.3,0.0,0.7,11027.0689,0.071863
0.0,0.0,0.3,0.1,0.6,10700.1046,0.080599
0.0,0.0,0.3,0.2,0.5,10706.7596,0.076321
0.0,0.0,0.3,0.3,0.4,11146.2379,0.072372
0.0,0.0,0.3,0.4,0.3,10807.1913,0.064458
0.0,0.0,0.3,0.5,0.2,10813.5826,0.084332
0.0,0.0,0.3,0.6,0.1,10987.7492,0.068862
0.0,0.0,0.3,0.7,0.0,10900.5156,0.079211
0.0,0.0,0.4,0.0,0.6,11115.5573,0.073262
0.0,0.0,0.4,0.1,0.5,10331.6085,0.062258
0.0,0.0,0.4,0.2,0.4,10813.8983,0.07857
0.0,0.0,0.4,0.3,0.3,10708.9611,0.069537
0.0,0.0,0.4,0.4,0.2,10729.753,0.072957
0.0,0.0,0.4,0.5,0.1,11294.6339,0.068938
0.0,0.0,0.4,0.6,0.0,11100.366,0.073409
0.0,0.0,0.5,0.0,0.5,11529.9188,0.077593
0.0,0.0,0.5,0.1,0.4,10963.007,0.073104
0.0,0.0,0.5,0.2,0.3,11008.6827,0.086246
0.0,0.0,0.5,0.3,0.2,10407.3023,0.081466
0.0,0.0,0.5,0.4,0.1,11146.3186,0.072264
0.0,0.0,0.5,0.5,0.0,10361.6968,0.072175
0.0,0.0,0.6,0.0,0.4,11320.0042,0.075506
0.0,0.0,0.6,0.1,0.3,10726.6317,0.081906
0.0,0.0,0.6,0.2,0.2,10605.7349,0.072782
0.0,0.0,0.6,0.3,0.1,10479.0673,0.070269
0.0,0.0,0.6,0.4,0.0,10832.0839,0.085395
0.0,0.0,0.7,0.0,0.3,11239.7854,0.076665
0.0,0.0,0.7,0.1,0.2,10918.6278,0.071576
0.0,0.0,0.7,0.2,0.1,10775.8597,0.075359
0.0,0.0,0.7,0.3,0.0,11800.1591,0.078017
0.0,0.0,0.8,0.0,0.2,10512.4217,0.069956
0.0,0.0,0.8,0.1,0.1,10201.5136,0.06462
0.0,0.0,0.8,0.2,0.0,10771.9131,0.072789
0.0,0.0,0.9,0.0,0.1,10150.3098,0.067781
0.0,0.0,0.9,0.1,0.0,10692.4712,0.084592
0.0,0.0,1.0,0.0,0.0,10818.7652,0.070932
0.0,0.1,0.0,0.0,0.9,10835.2939,0.083737
0.0,0.1,0.0,0.1,0.8,10706.9774,0.080541
0.0,0.1,0.0,0.2,0.7,10799.325,0.077841
0.0,0.1,0.0,0.3,0.6,10911.8867,0.082602
0.0,0.1,0.0,0.4,0.5,10645.7148,0.08135
0.0,0.1,0.0,0.5,0.4,10939.533,0.084228
0.0,0.1,0.0,0.6,0.3,10985.2688,0.081378
0.0,0.1,0.0,0.7,0.2,10840.676,0.083761
0.0,0.1,0.0,0.8,0.1,10738.7613,0.080205
0.0,0.1,0.0,0.9,0.0,10942.2563,0.081262
0.0,0.1,0.1,0.0,0.8,10433.0738,0.06922
0.0,0.1,0.1,0.1,0.7,10695.2169,0.071098
0.0,0.1,0.1,0.2,0.6,10710.8915,0.067978
0.0,0.1,0.1,0.3,0.5,11103.5114,0.074977
0.0,0.1,0.1,0.4,0.4,10209.5229,0.063001
0.0,0.1,0.1,0.5,0.3,10646.9752,0.079776
0.0,0.1,0.1,0.6,0.2,11710.4658,0.074454
0.0,0.1,0.1,0.7,0.1,10491.0317,0.066812
0.0,0.1,0.1,0.8,0.0,10974.2043,0.067999
0.0,0.1,0.2,0.0,0.7,11133.9233,0.079983
0.0,0.1,0.2,0.1,0.6,11392.9681,0.068429
0.0,0.1,0.2,0.2,0.5,11258.0106,0.07469
0.0,0.1,0.2,0.3,0.4,9353.2158,0.060386
0.0,0.1,0.2,0.4,0.3,10250.362,0.071195
0.0,0.1,0.2,0.5,0.2,10131.8447,0.077544
0.0,0.1,0.2,0.6,0.1,10928.0063,0.072604
0.0,0.1,0.2,0.7,0.0,10805.1956,0.068206
0.0,0.1,0.3,0.0,0.6,10724.0837,0.072769
0.0,0.1,0.3,0.1,0.5,11168.299,0.071311
0.0,0.1,0.3,0.2,0.4,10446.2884,0.070608
0.0,0.1,0.3,0.3,0.3,10812.8904,0.073806
0.0,0.1,0.3,0.4,0.2,11395.2517,0.070775
0.0,0.1,0.3,0.5,0.1,10503.5375,0.072946
0.0,0.1,0.3,0.6,0.0,10625.3113,0.071287
0.0,0.1,0.4,0.0,0.5,10695.424,0.076483
0.0,0.1,0.4,0.1,0.4,10435.4799,0.078165
0.0,0.1,0.4,0.2,0.3,10955.5304,0.070793
0.0,0.1,0.4,0.3,0.2,10272.3888,0.060445
0.0,0.1,0.4,0.4,0.1,10565.2147,0.074009
0.0,0.1,0.4,0.5,0.0,10758.0857,0.072545
0.0,0.1,0.5,0.0,0.4,10100.6581,0.06268
0.0,0.1,0.5,0.1,0.3,10760.7564,0.069811
0.0,0.1,0.5,0.2,0.2,9503.9454,0.063347
0.0,0.1,0.5,0.3,0.1,10594.4268,0.079306
0.0,0.1,0.5,0.4,0.0,10111.0006,0.066748
0.0,0.1,0.6,0.0,0.3,10420.6786,0.079964
0.0,0.1,0.6,0.1,0.2,10570.9977,0.081455
0.0,0.1,0.6,0.2,0.1,10698.8248,0.069564
0.0,0.1,0.6,0.3,0.0,10626.0847,0.072642
0.0,0.1,0.7,0.0,0.2,10930.1647,0.07752
0.0,0.1,0.7,0.1,0.1,9819.0737,0.073388
0.0,0.1,0.7,0.2,0.0,10125.9845,0.066472
0.0,0.1,0.8,0.0,0.1,10602.4953,0.070022
0.0,0.1,0.8,0.1,0.0,10498.7163,0.064124
0.0,0.1,0.9,0.0,0.0,10971.695,0.067334
0.0,0.2,0.0,0.0,0.8,10833.2714,0.082379
0.0,0.2,0.0,0.1,0.7,10560.8832,0.085331
0.0,0.2,0.0,0.2,0.6,10715.7476,0.082764
0.0,0.2,0.0,0.3,0.5,10779.9196,0.084669
0.0,0.2,0.0,0.4,0.4,10825.9754,0.083085
0.0,0.2,0.0,0.5,0.3,10783.7291,0.083483
0.0,0.2,0.0,0.6,0.2,10905.8604,0.081936
0.0,0.2,0.0,0.7,0.1,10971.4603,0.080479
0.0,0.2,0.0,0.8,0.0,10899.5223,0.083692
0.0,0.2,0.1,0.0,0.7,9949.6943,0.066754
0.0,0.2,0.1,0.1,0.6,10492.9119,0.067545
0.0,0.2,0.1,0.2,0.5,11710.6207,0.073422
0.0,0.2,0.1,0.3,0.4,10846.0634,0.083099
0.0,0.2,0.1,0.4,0.3,10988.7743,0.066871
0.0,0.2,0.1,0.5,0.2,11364.5752,0.076729
0.0,0.2,0.1,0.6,0.1,10511.7465,0.078243
0.0,0.2,0.1,0.7,0.0,11191.8491,0.079346
0.0,0.2,0.2,0.0,0.6,10432.0507,0.067968
0.0,0.2,0.2,0.1,0.5,10775.5706,0.077555
0.0,0.2,0.2,0.2,0.4,10758.1494,0.073028
0.0,0.2,0.2,0.3,0.3,10944.9797,0.078086
0.0,0.2,0.2,0.4,0.2,11414.3446,0.07348
0.0,0.2,0.2,0.5,0.1,10970.0725,0.072415
0.0,0.2,0.2,0.6,0.0,10859.8268,0.074359
0.0,0.2,0.3,0.0,0.5,11191.149,0.072683
0.0,0.2,0.3,0.1,0.4,10927.6492,0.071666
0.0,0.2,0.3,0.2,0.3,10791.3758,0.072623
0.0,0.2,0.3,0.3,0.2,10535.4406,0.081669
0.0,0.2,0.3,0.4,0.1,10328.02,0.06785
0.0,0.2,0.3,0.5,0.0,9729.0868,0.067726
0.0,0.2,0.4,0.0,0.4,11056.2133,0.073713
0.0,0.2,0.4,0.1,0.3,11099.6624,0.081384
0.0,0.2,0.4,0.2,0.2,11052.435,0.073977
0.0,0.2,0.4,0.3,0.1,10680.2451,0.072435
0.0,0.2,0.4,0.4,0.0,11102.2355,0.075404
0.0,0.2,0.5,0.0,0.3,10713.4677,0.075208
0.0,0.2,0.5,0.1,0.2,10741.4466,0.071971
0.0,0.2,0.5,0.2,0.1,10708.5333,0.07256
0.0,0.2,0.5,0.3,0.0,10854.0545,0.074643
0.0,0.2,0.6,0.0,0.2,9207.2502,0.06845
0.0,0.2,0.6,0.1,0.1,11138.7848,0.07605
0.0,0.2,0.6,0.2,0.0,11055.0204,0.078701
0.0,0.2,0.7,0.0,0.1,10833.2139,0.073952
0.0,0.2,0.7,0.1,0.0,10829.2017,0.074539
0.0,0.2,0.8,0.0,0.0,10838.8853,0.075024
0.0,0.3,0.0,0.0,0.7,10876.0282,0.083007
0.0,0.3,0.0,0.1,0.6,10755.5795,0.081747
0.0,0.3,0.0,0.2,0.5,10911.9594,0.083288
0.0,0.3,0.0,0.3,0.4,10802.9626,0.083293
0.0,0.3,0.0,0.4,0.3,10750.9923,0.084627
0.0,0.3,0.0,0.5,0.2,11026.6944,0.082991
0.0,0.3,0.0,0.6,0.1,10847.1246,0.082083
0.0,0.3,0.0,0.7,0.0,10775.3059,0.08447
0.0,0.3,0.1,0.0,0.6,8346.9284,0.063154
0.0,0.3,0.1,0.1,0.5,11020.7726,0.076047
0.0,0.3,0.1,0.2,0.4,10264.4144,0.068139
0.0,0.3,0.1,0.3,0.3,11015.2855,0.080628
0.0,0.3,0.1,0.4,0.2,10610.531,0.075667
0.0,0.3,0.1,0.5,0.1,10831.7107,0.073026
0.0,0.3,0.1,0.6,0.0,11074.7,0.079834
0.0,0.3,0.2,0.0,0.5,10445.8072,0.079242
0.0,0.3,0.2,0.1,0.4,10758.9966,0.077264
0.0,0.3,0.2,0.2,0.3,10960.1521,0.068002
0.0,0.3,0.2,0.3,0.2,10063.7296,0.074761
0.0,0.3,0.2,0.4,0.1,10613.6494,0.072614
0.0,0.3,0.2,0.5,0.0,10752.3933,0.074936
0.0,0.3,0.3,0.0,0.4,10327.219,0.067569
0.0,0.3,0.3,0.1,0.3,10807.2812,0.070438
0.0,0.3,0.3,0.2,0.2,11012.8981,0.073478
0.0,0.3,0.3,0.3,0.1,10537.6654,0.076644
0.0,0.3,0.3,0.4,0.0,10261.1399,0.072557
0.0,0.3,0.4,0.0,0.3,10396.5256,0.066412
0.0,0.3,0.4,0.1,0.2,10884.2459,0.083366
0.0,0.3,0.4,0.2,0.1,9891.0442,0.058729
0.0,0.3,0.4,0.3,0.0,10405.8197,0.067016
0.0,0.3,0.5,0.0,0.2,10546.1826,0.086599
0.0,0.3,0.5,0.1,0.1,10637.6076,0.069972
0.0,0.3,0.5,0.2,0.0,10085.1743,0.078477
0.0,0.3,0.6,0.0,0.1,9945.5165,0.06811
0.0,0.3,0.6,0.1,0.0,10954.2115,0.06615
0.0,0.3,0.7,0.0,0.0,11177.002,0.064546
0.0,0.4,0.0,0.0,0.6,10659.5046,0.08142
0.0,0.4,0.0,0.1,0.5,10944.0753,0.082829
0.0,0.4,0.0,0.2,0.4,10585.2567,0.082439
0.0,0.4,0.0,0.3,0.3,10594.4953,0.08224
0.0,0.4,0.0,0.4,0.2,10740.7544,0.081351
0.0,0.4,0.0,0.5,0.1,10653.6743,0.082499
0.0,0.4,0.0,0.6,0.0,10564.3106,0.081662
0.0,0.4,0.1,0.0,0.5,10528.8627,0.082254
0.0,0.4,0.1,0.1,0.4,10695.3473,0.076371
0.0,0.4,0.1,0.2,0.3,10654.8594,0.074567
0.0,0.4,0.1,0.3,0.2,11008.6875,0.076739
0.0,0.4,0.1,0.4,0.1,10942.5628,0.070111
0.0,0.4,0.1,0.5,0.0,9911.3106,0.06884
0.0,0.4,0.2,0.0,0.4,10702.1945,0.082009
0.0,0.4,0.2,0.1,0.3,10486.2935,0.07349
0.0,0.4,0.2,0.2,0.2,11016.7381,0.079835
0.0,0.4,0.2,0.3,0.1,11034.5083,0.074667
0.0,0.4,0.2,0.4,0.0,10571.5699,0.078081
0.0,0.4,0.3,0.0,0.3,11166.0892,0.067792
0.0,0.4,0.3,0.1,0.2,10891.1237,0.077996
0.0,0.4,0.3,0.2,0.1,10811.0317,0.075031
0.0,0.4,0.3,0.3,0.0,10615.8995,0.077341
0.0,0.4,0.4,0.0,0.2,10924.4738,0.07955
0.0,0.4,0.4,0.1,0.1,9921.191,0.065462
0.0,0.4,0.4,0.2,0.0,11188.2416,0.062991
0.0,0.4,0.5,0.0,0.1,10843.1163,0.079397
0.0,0.4,0.5,0.1,0.0,11564.52,0.071072
0.0,0.4,0.6,0.0,0.0,11212.3763,0.074903
0.0,0.5,0.0,0.0,0.5,10842.5402,0.083428
0.0,0.5,0.0,0.1,0.4,10653.9376,0.082156
0.0,0.5,0.0,0.2,0.3,10888.5551,0.081689
0.0,0.5,0.0,0.3,0.2,10592.7064,0.08451
0.0,0.5,0.0,0.4,0.1,10914.2532,0.080782
0.0,0.5,0.0,0.5,0.0,10768.4251,0.083329
0.0,0.5,0.1,0.0,0.4,10592.2397,0.080206
0.0,0.5,0.1,0.1,0.3,10708.656,0.072318
0.0,0.5,0.1,0.2,0.2,10459.8211,0.067186
0.0,0.5,0.1,0.3,0.1,11356.6585,0.074983
0.0,0.5,0.1,0.4,0.0,10386.8132,0.06515
0.0,0.5,0.2,0.0,0.3,11363.945,0.076162
0.0,0.5,0.2,0.1,0.2,10660.9081,0.07166
0.0,0.5,0.2,0.2,0.1,11046.2573,0.068612
0.0,0.5,0.2,0.3,0.0,11364.1323,0.073483
0.0,0.5,0.3,0.0,0.2,10567.5359,0.072613
0.0,0.5,0.3,0.1,0.1,10088.8902,0.068127
0.0,0.5,0.3,0.2,0.0,11062.3764,0.07241
0.0,0.5,0.4,0.0,0.1,10243.6965,0.071872
0.0,0.5,0.4,0.1,0.0,11429.7758,0.07131
0.0,0.5,0.5,0.0,0.0,10933.6913,0.077081
0.0,0.6,0.0,0.0,0.4,10883.9119,0.083267
0.0,0.6,0.0,0.1,0.3,10829.1079,0.08177
0.0,0.6,0.0,0.2,0.2,10930.3116,0.082159
0.0,0.6,0.0,0.3,0.1,10830.5482,0.081488
0.0,0.6,0.0,0.4,0.0,10784.8374,0.084455
0.0,0.6,0.1,0.0,0.3,10939.2351,0.07144
0.0,0.6,0.1,0.1,0.2,10980.5632,0.083322
0.0,0.6,0.1,0.2,0.1,10259.3713,0.064376
0.0,0.6,0.1,0.3,0.0,11145.0242,0.077868
0.0,0.6,0.2,0.0,0.2,10495.5131,0.074177
0.0,0.6,0.2,0.1,0.1,11089.4042,0.075276
0.0,0.6,0.2,0.2,0.0,10537.1546,0.072241
0.0,0.6,0.3,0.0,0.1,9751.5424,0.073754
0.0,0.6,0.3,0.1,0.0,10547.4963,0.078741
0.0,0.6,0.4,0.0,0.0,11174.4654,0.07899
0.0,0.7,0.0,0.0,0.3,10942.6047,0.087137
0.0,0.7,0.0,0.1,0.2,10606.7687,0.085316
0.0,0.7,0.0,0.2,0.1,10932.949,0.083496
0.0,0.7,0.0,0.3,0.0,10779.2039,0.080346
0.0,0.7,0.1,0.0,0.2,11007.1474,0.067904
0.0,0.7,0.1,0.1,0.1,10850.4625,0.080921
0.0,0.7,0.1,0.2,0.0,10471.27,0.071841
0.0,0.7,0.2,0.0,0.1,10797.6237,0.082878
0.0,0.7,0.2,0.1,0.0,10814.476,0.068475
0.0,0.7,0.3,0.0,0.0,11086.0505,0.080019
0.0,0.8,0.0,0.0,0.2,10846.8223,0.082845
0.0,0.8,0.0,0.1,0.1,10962.1946,0.083065
0.0,0.8,0.0,0.2,0.0,10737.6993,0.084864
0.0,0.8,0.1,0.0,0.1,10767.8025,0.07028
0.0,0.8,0.1,0.1,0.0,10745.2393,0.074836
0.0,0.8,0.2,0.0,0.0,10936.5636,0.080175
0.0,0.9,0.0,0.0,0.1,10642.914,0.082535
0.0,0.9,0.0,0.1,0.0,10489.6209,0.086006
0.0,0.9,0.1,0.0,0.0,10548.1382,0.078149
0.0,1.0,0.0,0.0,0.0,11323.4818,0.079137
0.1,0.0,0.0,0.0,0.9,10750.1856,0.083095
0.1,0.0,0.0,0.1,0.8,10865.6902,0.084236
0.1,0.0,0.0,0.2,0.7,10732.7529,0.083648
0.1,0.0,0.0,0.3,0.6,10611.5714,0.08257
0.1,0.0,0.0,0.4,0.5,10649.439,0.085053
0.1,0.0,0.0,0.5,0.4,10669.1328,0.082469
0.1,0.0,0.0,0.6,0.3,10630.984,0.084461
0.1,0.0,0.0,0.7,0.2,10662.8417,0.085346
0.1,0.0,0.0,0.8,0.1,10834.7093,0.08274
0.1,0.0,0.0,0.9,0.0,10505.5248,0.083745
0.1,0.0,0.1,0.0,0.8,10110.9679,0.071394
0.1,0.0,0.1,0.1,0.7,10689.3577,0.06426
0.1,0.0,0.1,0.2,0.6,11156.0663,0.06993
0.1,0.0,0.1,0.3,0.5,11192.2763,0.081889
0.1,0.0,0.1,0.4,0.4,11400.9187,0.073619
0.1,0.0,0.1,0.5,0.3,11073.5827,0.081575
0.1,0.0,0.1,0.6,0.2,10209.2029,0.072638
0.1,0.0,0.1,0.7,0.1,10589.7293,0.075402
0.1,0.0,0.1,0.8,0.0,9800.7623,0.068499
0.1,0.0,0.2,0.0,0.7,11355.4849,0.078816
0.1,0.0,0.2,0.1,0.6,10815.5895,0.079041
0.1,0.0,0.2,0.2,0.5,10645.8848,0.071902
0.1,0.0,0.2,0.3,0.4,10902.5228,0.068818
0.1,0.0,0.2,0.4,0.3,10999.4484,0.078892
0.1,0.0,0.2,0.5,0.2,10764.1989,0.074292
0.1,0.0,0.2,0.6,0.1,11177.2531,0.073924
0.1,0.0,0.2,0.7,0.0,11171.9236,0.075066
0.1,0.0,0.3,0.0,0.6,10927.992,0.073855
0.1,0.0,0.3,0.1,0.5,10792.2039,0.076875
0.1,0.0,0.3,0.2,0.4,10815.8703,0.078107
0.1,0.0,0.3,0.3,0.3,10594.5099,0.074037
0.1,0.0,0.3,0.4,0.2,10335.5423,0.064507
0.1,0.0,0.3,0.5,0.1,10577.5971,0.079081
0.1,0.0,0.3,0.6,0.0,10545.0827,0.069385
0.1,0.0,0.4,0.0,0.5,10731.5332,0.079283
0.1,0.0,0.4,0.1,0.4,10939.174,0.069175
0.1,0.0,0.4,0.2,0.3,11063.0153,0.072045
0.1,0.0,0.4,0.3,0.2,11303.0661,0.076387
0.1,0.0,0.4,0.4,0.1,10864.3008,0.074456
0.1,0.0,0.4,0.5,0.0,11482.6079,0.069403
0.1,0.0,0.5,0.0,0.4,10257.5644,0.069552
0.1,0.0,0.5,0.1,0.3,10204.5471,0.064296
0.1,0.0,0.5,0.2,0.2,7850.1876,0.06996
0.1,0.0,0.5,0.3,0.1,10762.9384,0.066495
0.1,0.0,0.5,0.4,0.0,10337.6151,0.068589
0.1,0.0,0.6,0.0,0.3,10262.0054,0.0647
0.1,0.0,0.6,0.1,0.2,10787.9381,0.069635
0.1,0.0,0.6,0.2,0.1,10399.2566,0.077212
0.1,0.0,0.6,0.3,0.0,10819.594,0.082708
0.1,0.0,0.7,0.0,0.2,10733.4764,0.069326
0.1,0.0,0.7,0.1,0.1,10223.8899,0.065059
0.1,0.0,0.7,0.2,0.0,9550.0175,0.067495
0.1,0.0,0.8,0.0,0.1,10847.0705,0.078783
0.1,0.0,0.8,0.1,0.0,10900.2708,0.073242
0.1,0.0,0.9,0.0,0.0,11029.7471,0.081371
0.1,0.1,0.0,0.0,0.8,10938.1665,0.082468
0.1,0.1,0.0,0.1,0.7,10864.6006,0.081355
0.1,0.1,0.0,0.2,0.6,10828.1241,0.083399
0.1,0.1,0.0,0.3,0.5,10710.2216,0.082023
0.1,0.1,0.0,0.4,0.4,10794.041,0.084111
0.1,0.1,0.0,0.5,0.3,10790.5165,0.081345
0.1,0.1,0.0,0.6,0.2,10956.7344,0.081672
0.1,0.1,0.0,0.7,0.1,10867.2418,0.081988
0.1,0.1,0.0,0.8,0.0,10886.4321,0.084172
0.1,0.1,0.1,0.0,0.7,10279.9413,0.070896
0.1,0.1,0.1,0.1,0.6,10329.282,0.065257
0.1,0.1,0.1,0.2,0.5,10539.1369,0.07303
0.1,0.1,0.1,0.3,0.4,10962.9805,0.072274
0.1,0.1,0.1,0.4,0.3,9512.391,0.066364
0.1,0.1,0.1,0.5,0.2,10561.2368,0.080169
0.1,0.1,0.1,0.6,0.1,10792.6768,0.07731
0.1,0.1,0.1,0.7,0.0,10811.3298,0.071946
0.1,0.1,0.2,0.0,0.6,10774.0486,0.067694
0.1,0.1,0.2,0.1,0.5,10489.0576,0.074948
0.1,0.1,0.2,0.2,0.4,10131.0338,0.065503
0.1,0.1,0.2,0.3,0.3,11151.8588,0.06316
0.1,0.1,0.2,0.4,0.2,10772.9088,0.07082
0.1,0.1,0.2,0.5,0.1,11253.779,0.072187
0.1,0.1,0.2,0.6,0.0,11081.0752,0.080616
0.1,0.1,0.3,0.0,0.5,10870.7705,0.077717
0.1,0.1,0.3,0.1,0.4,10407.5037,0.07386
0.1,0.1,0.3,0.2,0.3,11264.5366,0.065074
0.1,0.1,0.3,0.3,0.2,10752.7425,0.078725
0.1,0.1,0.3,0.4,0.1,11126.8742,0.078676
0.1,0.1,0.3,0.5,0.0,10846.1881,0.071634
0.1,0.1,0.4,0.0,0.4,10920.309,0.06884
0.1,0.1,0.4,0.1,0.3,10920.383,0.069953
0.1,0.1,0.4,0.2,0.2,10554.63,0.077225
0.1,0.1,0.4,0.3,0.1,10304.1571,0.068694
0.1,0.1,0.4,0.4,0.0,10667.8046,0.084983
0.1,0.1,0.5,0.0,0.3,10939.6719,0.073955
0.1,0.1,0.5,0.1,0.2,10685.714,0.074886
0.1,0.1,0.5,0.2,0.1,10916.9829,0.072501
0.1,0.1,0.5,0.3,0.0,10516.1815,0.077154
0.1,0.1,0.6,0.0,0.2,10784.9572,0.074361
0.1,0.1,0.6,0.1,0.1,10401.0424,0.068582
0.1,0.1,0.6,0.2,0.0,10720.4864,0.082127
0.1,0.1,0.7,0.0,0.1,10223.5418,0.066585
0.1,0.1,0.7,0.1,0.0,11170.904,0.082478
0.1,0.1,0.8,0.0,0.0,10541.4211,0.077361
0.1,0.2,0.0,0.0,0.7,10878.6489,0.083252
0.1,0.2,0.0,0.1,0.6,10694.438,0.082441
0.1,0.2,0.0,0.2,0.5,10847.773,0.083747
0.1,0.2,0.0,0.3,0.4,10749.7141,0.082857
0.1,0.2,0.0,0.4,0.3,10825.7386,0.083551
0.1,0.2,0.0,0.5,0.2,11679.9029,0.08301
0.1,0.2,0.0,0.6,0.1,10877.223,0.082029
0.1,0.2,0.0,0.7,0.0,10899.1184,0.081774
0.1,0.2,0.1,0.0,0.6,10799.5046,0.07466
0.1,0.2,0.1,0.1,0.5,10319.0996,0.069322
0.1,0.2,0.1,0.2,0.4,10624.81,0.074856
0.1,0.2,0.1,0.3,0.3,10801.6988,0.078328
0.1,0.2,0.1,0.4,0.2,10736.8219,0.078287
0.1,0.2,0.1,0.5,0.1,10345.2382,0.064279
0.1,0.2,0.1,0.6,0.0,10994.1843,0.072722
0.1,0.2,0.2,0.0,0.5,10332.3461,0.065604
0.1,0.2,0.2,0.1,0.4,10993.4289,0.068103
0.1,0.2,0.2,0.2,0.3,10673.68,0.06673
0.1,0.2,0.2,0.3,0.2,10707.5346,0.073836
0.1,0.2,0.2,0.4,0.1,11154.4735,0.069254
0.1,0.2,0.2,0.5,0.0,10995.0619,0.074706
0.1,0.2,0.3,0.0,0.4,10629.9613,0.072747
0.1,0.2,0.3,0.1,0.3,10746.1781,0.076457
0.1,0.2,0.3,0.2,0.2,11071.5855,0.079407
0.1,0.2,0.3,0.3,0.1,11007.1413,0.072788
0.1,0.2,0.3,0.4,0.0,11010.3905,0.08077
0.1,0.2,0.4,0.0,0.3,11025.8628,0.069715
0.1,0.2,0.4,0.1,0.2,10988.5304,0.075202
0.1,0.2,0.4,0.2,0.1,10850.7616,0.071903
0.1,0.2,0.4,0.3,0.0,10802.8622,0.075023
0.1,0.2,0.5,0.0,0.2,11077.448,0.069985
0.1,0.2,0.5,0.1,0.1,10846.3211,0.075257
0.1,0.2,0.5,0.2,0.0,10979.2491,0.07243
0.1,0.2,0.6,0.0,0.1,10835.18,0.078851
0.1,0.2,0.6,0.1,0.0,10662.8985,0.077762
0.1,0.2,0.7,0.0,0.0,10840.7606,0.079373
0.1,0.3,0.0,0.0,0.6,10882.2726,0.084082
0.1,0.3,0.0,0.1,0.5,10988.8854,0.084289
0.1,0.3,0.0,0.2,0.4,11000.6136,0.081486
0.1,0.3,0.0,0.3,0.3,10961.75,0.082279
0.1,0.3,0.0,0.4,0.2,10893.4159,0.081659
0.1,0.3,0.0,0.5,0.1,10816.6506,0.081974
0.1,0.3,0.0,0.6,0.0,10827.6,0.08322
0.1,0.3,0.1,0.0,0.5,11019.9541,0.081742
0.1,0.3,0.1,0.1,0.4,11108.6524,0.072219
0.1,0.3,0.1,0.2,0.3,10840.7406,0.072716
0.1,0.3,0.1,0.3,0.2,10393.984,0.069491
0.1,0.3,0.1,0.4,0.1,10693.6878,0.081986
0.1,0.3,0.1,0.5,0.0,10434.1101,0.068444
0.1,0.3,0.2,0.0,0.4,11061.1932,0.075184
0.1,0.3,0.2,0.1,0.3,10513.2384,0.069299
0.1,0.3,0.2,0.2,0.2,10450.5613,0.071635
0.1,0.3,0.2,0.3,0.1,10622.2774,0.068636
0.1,0.3,0.2,0.4,0.0,10753.7346,0.070322
0.1,0.3,0.3,0.0,0.3,10577.4259,0.06676
0.1,0.3,0.3,0.1,0.2,11569.9255,0.071154
0.1,0.3,0.3,0.2,0.1,10763.2697,0.080176
0.1,0.3,0.3,0.3,0.0,10819.6513,0.069636
0.1,0.3,0.4,0.0,0.2,10957.4055,0.071177
0.1,0.3,0.4,0.1,0.1,11306.3082,0.0812
0.1,0.3,0.4,0.2,0.0,10500.876,0.077621
0.1,0.3,0.5,0.0,0.1,10853.5009,0.073046
0.1,0.3,0.5,0.1,0.0,10854.3773,0.075217
0.1,0.3,0.6,0.0,0.0,10709.9681,0.078789
0.1,0.4,0.0,0.0,0.5,10846.1399,0.081933
0.1,0.4,0.0,0.1,0.4,10903.2575,0.082338
0.1,0.4,0.0,0.2,0.3,10932.9394,0.085162
0.1,0.4,0.0,0.3,0.2,10999.2016,0.082773
0.1,0.4,0.0,0.4,0.1,10891.0075,0.084556
0.1,0.4,0.0,0.5,0.0,10947.1004,0.082034
0.1,0.4,0.1,0.0,0.4,11020.7763,0.072737
0.1,0.4,0.1,0.1,0.3,11258.7737,0.078673
0.1,0.4,0.1,0.2,0.2,10471.0726,0.066209
0.1,0.4,0.1,0.3,0.1,10440.8634,0.078176
0.1,0.4,0.1,0.4,0.0,10559.7636,0.063259
0.1,0.4,0.2,0.0,0.3,9777.9314,0.080887
0.1,0.4,0.2,0.1,0.2,10681.7579,0.079471
0.1,0.4,0.2,0.2,0.1,9676.9093,0.073615
0.1,0.4,0.2,0.3,0.0,11522.9915,0.070205
0.1,0.4,0.3,0.0,0.2,10460.3265,0.078585
0.1,0.4,0.3,0.1,0.1,10566.6347,0.070507
0.1,0.4,0.3,0.2,0.0,11186.099,0.075429
0.1,0.4,0.4,0.0,0.1,10321.4087,0.07899
0.1,0.4,0.4,0.1,0.0,9085.5395,0.068818
0.1,0.4,0.5,0.0,0.0,11019.7318,0.074616
0.1,0.5,0.0,0.0,0.4,10774.167,0.07991
0.1,0.5,0.0,0.1,0.3,10654.4257,0.081703
0.1,0.5,0.0,0.2,0.2,10742.851,0.081131
0.1,0.5,0.0,0.3,0.1,10913.6981,0.084559
0.1,0.5,0.0,0.4,0.0,10886.6004,0.084002
0.1,0.5,0.1,0.0,0.3,10768.969,0.075378
0.1,0.5,0.1,0.1,0.2,9943.1668,0.070367
0.1,0.5,0.1,0.2,0.1,10149.4733,0.070684
0.1,0.5,0.1,0.3,0.0,10693.5563,0.07573
0.1,0.5,0.2,0.0,0.2,10303.8396,0.070327
0.1,0.5,0.2,0.1,0.1,10718.0114,0.068317
0.1,0.5,0.2,0.2,0.0,10346.6061,0.0702
0.1,0.5,0.3,0.0,0.1,10419.4039,0.075626
0.1,0.5,0.3,0.1,0.0,10116.6214,0.072753
0.1,0.5,0.4,0.0,0.0,10960.2842,0.081518
0.1,0.6,0.0,0.0,0.3,10758.6401,0.083326
0.1,0.6,0.0,0.1,0.2,11049.9496,0.08374
0.1,0.6,0.0,0.2,0.1,10840.8029,0.084102
0.1,0.6,0.0,0.3,0.0,10841.4258,0.084087
0.1,0.6,0.1,0.0,0.2,11524.9065,0.071495
0.1,0.6,0.1,0.1,0.1,11086.6318,0.07202
0.1,0.6,0.1,0.2,0.0,10936.7131,0.0807
0.1,0.6,0.2,0.0,0.1,10218.5095,0.072448
0.1,0.6,0.2,0.1,0.0,10113.509,0.063913
0.1,0.6,0.3,0.0,0.0,10250.8653,0.066824
0.1,0.7,0.0,0.0,0.2,10868.815,0.084363
0.1,0.7,0.0,0.1,0.1,10943.6813,0.083833
0.1,0.7,0.0,0.2,0.0,10662.0129,0.080041
0.1,0.7,0.1,0.0,0.1,11101.2951,0.07785
0.1,0.7,0.1,0.1,0.0,10120.4014,0.07
0.1,0.7,0.2,0.0,0.0,10199.6656,0.066218
0.1,0.8,0.0,0.0,0.1,10739.3241,0.082269
0.1,0.8,0.0,0.1,0.0,10850.1081,0.081823
0.1,0.8,0.1,0.0,0.0,10991.881,0.077581
0.1,0.9,0.0,0.0,0.0,10917.5478,0.080814
0.2,0.0,0.0,0.0,0.8,10849.0887,0.082478
0.2,0.0,0.0,0.1,0.7,11019.104,0.084365
0.2,0.0,0.0,0.2,0.6,10951.595,0.078025
0.2,0.0,0.0,0.3,0.5,10830.3476,0.082688
0.2,0.0,0.0,0.4,0.4,10637.293,0.082311
0.2,0.0,0.0,0.5,0.3,10806.904,0.082667
0.2,0.0,0.0,0.6,0.2,10918.5372,0.082565
0.2,0.0,0.0,0.7,0.1,10792.1154,0.082433
0.2,0.0,0.0,0.8,0.0,10828.7807,0.085158
0.2,0.0,0.1,0.0,0.7,10693.642,0.074777
0.2,0.0,0.1,0.1,0.6,10977.9148,0.071212
0.2,0.0,0.1,0.2,0.5,9891.3925,0.066454
0.2,0.0,0.1,0.3,0.4,11061.5725,0.083649
0.2,0.0,0.1,0.4,0.3,10656.1594,0.082757
0.2,0.0,0.1,0.5,0.2,10167.6514,0.072744
0.2,0.0,0.1,0.6,0.1,10745.4044,0.064737
0.2,0.0,0.1,0.7,0.0,10959.6512,0.084608
0.2,0.0,0.2,0.0,0.6,10623.4713,0.084318
0.2,0.0,0.2,0.1,0.5,11014.4653,0.080036
0.2,0.0,0.2,0.2,0.4,10446.1247,0.068345
0.2,0.0,0.2,0.3,0.3,8798.6615,0.064947
0.2,0.0,0.2,0.4,0.2,10849.5207,0.077853
0.2,0.0,0.2,0.5,0.1,10296.6103,0.070891
0.2,0.0,0.2,0.6,0.0,9848.2154,0.068071
0.2,0.0,0.3,0.0,0.5,10699.151,0.079659
0.2,0.0,0.3,0.1,0.4,10848.359,0.077853
0.2,0.0,0.3,0.2,0.3,10913.7934,0.073803
0.2,0.0,0.3,0.3,0.2,11200.0244,0.068573
0.2,0.0,0.3,0.4,0.1,10739.4567,0.075324
0.2,0.0,0.3,0.5,0.0,10784.649,0.071213
0.2,0.0,0.4,0.0,0.4,10951.9945,0.078567
0.2,0.0,0.4,0.1,0.3,10509.463,0.081718
0.2,0.0,0.4,0.2,0.2,10315.1622,0.070388
0.2,0.0,0.4,0.3,0.1,10501.9491,0.082247
0.2,0.0,0.4,0.4,0.0,9812.0608,0.068138
0.2,0.0,0.5,0.0,0.3,10479.1124,0.070443
0.2,0.0,0.5,0.1,0.2,9688.8954,0.071025
0.2,0.0,0.5,0.2,0.1,11250.977,0.066897
0.2,0.0,0.5,0.3,0.0,10805.902,0.074165
0.2,0.0,0.6,0.0,0.2,10368.0889,0.065826
0.2,0.0,0.6,0.1,0.1,11040.9959,0.084103
0.2,0.0,0.6,0.2,0.0,11493.9424,0.073342
0.2,0.0,0.7,0.0,0.1,10272.1926,0.0703
0.2,0.0,0.7,0.1,0.0,10285.2988,0.071
0.2,0.0,0.8,0.0,0.0,10951.3792,0.078789
0.2,0.1,0.0,0.0,0.7,10955.5448,0.084734
0.2,0.1,0.0,0.1,0.6,10943.6705,0.082385
0.2,0.1,0.0,0.2,0.5,10671.6707,0.080325
0.2,0.1,0.0,0.3,0.4,10922.4357,0.084466
0.2,0.1,0.0,0.4,0.3,10884.548,0.081334
0.2,0.1,0.0,0.5,0.2,10844.4285,0.084944
0.2,0.1,0.0,0.6,0.1,10525.5679,0.082426
0.2,0.1,0.0,0.7,0.0,10745.3501,0.081749
0.2,0.1,0.1,0.0,0.6,10752.9009,0.069869
0.2,0.1,0.1,0.1,0.5,10401.2468,0.072577
0.2,0.1,0.1,0.2,0.4,10230.5527,0.078051
0.2,0.1,0.1,0.3,0.3,10943.3268,0.066303
0.2,0.1,0.1,0.4,0.2,10854.038,0.069485
0.2,0.1,0.1,0.5,0.1,10386.9244,0.08161
0.2,0.1,0.1,0.6,0.0,10810.9172,0.075921
0.2,0.1,0.2,0.0,0.5,10888.2789,0.076117
0.2,0.1,0.2,0.1,0.4,10649.5569,0.076843
0.2,0.1,0.2,0.2,0.3,10560.5721,0.068879
0.2,0.1,0.2,0.3,0.2,10620.1803,0.067851
0.2,0.1,0.2,0.4,0.1,10428.1061,0.06904
0.2,0.1,0.2,0.5,0.0,10803.5181,0.083176
0.2,0.1,0.3,0.0,0.4,10438.0821,0.07422
0.2,0.1,0.3,0.1,0.3,11113.9155,0.073764
0.2,0.1,0.3,0.2,0.2,10362.6374,0.068988
0.2,0.1,0.3,0.3,0.1,10623.8133,0.076076
0.2,0.1,0.3,0.4,0.0,10225.7111,0.067454
0.2,0.1,0.4,0.0,0.3,11121.4058,0.072042
0.2,0.1,0.4,0.1,0.2,11092.6739,0.079927
0.2,0.1,0.4,0.2,0.1,10932.8032,0.07218
0.2,0.1,0.4,0.3,0.0,10817.8278,0.0699
0.2,0.1,0.5,0.0,0.2,11196.3439,0.07762
0.2,0.1,0.5,0.1,0.1,11205.6494,0.074868
0.2,0.1,0.5,0.2,0.0,10088.0719,0.068095
0.2,0.1,0.6,0.0,0.1,10805.3427,0.07951
0.2,0.1,0.6,0.1,0.0,11111.1481,0.080233
0.2,0.1,0.7,0.0,0.0,10803.9827,0.0755
0.2,0.2,0.0,0.0,0.6,10866.7068,0.08551
0.2,0.2,0.0,0.1,0.5,10882.3555,0.081848
0.2,0.2,0.0,0.2,0.4,11386.4416,0.078144
0.2,0.2,0.0,0.3,0.3,10676.2178,0.081218
0.2,0.2,0.0,0.4,0.2,10799.8708,0.081255
0.2,0.2,0.0,0.5,0.1,10928.4219,0.081457
0.2,0.2,0.0,0.6,0.0,10626.2066,0.081812
0.2,0.2,0.1,0.0,0.5,11831.8537,0.075799
0.2,0.2,0.1,0.1,0.4,10171.8679,0.06936
0.2,0.2,0.1,0.2,0.3,10727.8319,0.074016
0.2,0.2,0.1,0.3,0.2,10634.1596,0.075492
0.2,0.2,0.1,0.4,0.1,10613.6888,0.071744
0.2,0.2,0.1,0.5,0.0,10954.1635,0.066475
0.2,0.2,0.2,0.0,0.4,10941.7786,0.08198
0.2,0.2,0.2,0.1,0.3,10177.5856,0.068959
0.2,0.2,0.2,0.2,0.2,10273.9814,0.062854
0.2,0.2,0.2,0.3,0.1,11023.9375,0.07179
0.2,0.2,0.2,0.4,0.0,11406.642,0.071313
0.2,0.2,0.3,0.0,0.3,10563.9736,0.079603
0.2,0.2,0.3,0.1,0.2,11276.187,0.072912
0.2,0.2,0.3,0.2,0.1,10668.5842,0.068804
0.2,0.2,0.3,0.3,0.0,11105.5448,0.07101
0.2,0.2,0.4,0.0,0.2,10759.8047,0.075286
0.2,0.2,0.4,0.1,0.1,10846.9305,0.067043
0.2,0.2,0.4,0.2,0.0,10637.9312,0.081617
0.2,0.2,0.5,0.0,0.1,11091.0326,0.083908
0.2,0.2,0.5,0.1,0.0,10430.585,0.063786
0.2,0.2,0.6,0.0,0.0,10589.4344,0.073531
0.2,0.3,0.0,0.0,0.5,10952.1516,0.085675
0.2,0.3,0.0,0.1,0.4,10849.5537,0.080924
0.2,0.3,0.0,0.2,0.3,10719.3947,0.081537
0.2,0.3,0.0,0.3,0.2,10759.0105,0.083287
0.2,0.3,0.0,0.4,0.1,10627.6883,0.087199
0.2,0.3,0.0,0.5,0.0,10709.9727,0.082627
0.2,0.3,0.1,0.0,0.4,11463.7041,0.078097
0.2,0.3,0.1,0.1,0.3,10850.9935,0.071909
0.2,0.3,0.1,0.2,0.2,11107.8355,0.068403
0.2,0.3,0.1,0.3,0.1,10328.1395,0.067409
0.2,0.3,0.1,0.4,0.0,11410.6144,0.070797
0.2,0.3,0.2,0.0,0.3,10202.6907,0.067984
0.2,0.3,0.2,0.1,0.2,10100.6459,0.069924
0.2,0.3,0.2,0.2,0.1,10783.6861,0.078991
0.2,0.3,0.2,0.3,0.0,10815.0667,0.068195
0.2,0.3,0.3,0.0,0.2,11402.8518,0.078102
0.2,0.3,0.3,0.1,0.1,10616.3638,0.07324
0.2,0.3,0.3,0.2,0.0,10825.4234,0.078249
0.2,0.3,0.4,0.0,0.1,10571.7912,0.082444
0.2,0.3,0.4,0.1,0.0,10557.8382,0.073877
0.2,0.3,0.5,0.0,0.0,10740.2122,0.078834
0.2,0.4,0.0,0.0,0.4,11052.3299,0.08611
0.2,0.4,0.0,0.1,0.3,10829.7013,0.082712
0.2,0.4,0.0,0.2,0.2,10706.8697,0.081785
0.2,0.4,0.0,0.3,0.1,10934.5091,0.081805
0.2,0.4,0.0,0.4,0.0,10867.6728,0.084164
0.2,0.4,0.1,0.0,0.3,9793.5912,0.066104
0.2,0.4,0.1,0.1,0.2,10461.4088,0.077361
0.2,0.4,0.1,0.2,0.1,11859.1761,0.0766
0.2,0.4,0.1,0.3,0.0,10740.1234,0.066577
0.2,0.4,0.2,0.0,0.2,10610.486,0.069103
0.2,0.4,0.2,0.1,0.1,10844.3321,0.082985
0.2,0.4,0.2,0.2,0.0,10804.3387,0.075138
0.2,0.4,0.3,0.0,0.1,10439.6088,0.069456
0.2,0.4,0.3,0.1,0.0,10833.6129,0.069043
0.2,0.4,0.4,0.0,0.0,10571.2726,0.071826
0.2,0.5,0.0,0.0,0.3,10822.1395,0.08416
0.2,0.5,0.0,0.1,0.2,10904.752,0.084031
0.2,0.5,0.0,0.2,0.1,10928.8746,0.083588
0.2,0.5,0.0,0.3,0.0,10605.5212,0.081936
0.2,0.5,0.1,0.0,0.2,10897.8819,0.077606
0.2,0.5,0.1,0.1,0.1,10481.6309,0.084196
0.2,0.5,0.1,0.2,0.0,11129.6023,0.076794
0.2,0.5,0.2,0.0,0.1,10749.8874,0.068724
0.2,0.5,0.2,0.1,0.0,11271.0689,0.082602
0.2,0.5,0.3,0.0,0.0,9967.6768,0.062336
0.2,0.6,0.0,0.0,0.2,10900.8922,0.083279
0.2,0.6,0.0,0.1,0.1,10741.5158,0.084044
0.2,0.6,0.0,0.2,0.0,10927.0725,0.079863
0.2,0.6,0.1,0.0,0.1,11123.8195,0.078624
0.2,0.6,0.1,0.1,0.0,10120.4772,0.077016
0.2,0.6,0.2,0.0,0.0,11237.7228,0.072194
0.2,0.7,0.0,0.0,0.1,10747.5305,0.084769
0.2,0.7,0.0,0.1,0.0,10655.8312,0.085549
0.2,0.7,0.1,0.0,0.0,11020.9742,0.074004
0.2,0.8,0.0,0.0,0.0,10864.839,0.082914
0.3,0.0,0.0,0.0,0.7,10774.16,0.08145
0.3,0.0,0.0,0.1,0.6,10891.0846,0.083285
0.3,0.0,0.0,0.2,0.5,10777.8829,0.080834
0.3,0.0,0.0,0.3,0.4,10772.7278,0.082869
0.3,0.0,0.0,0.4,0.3,10870.1584,0.08298
0.3,0.0,0.0,0.5,0.2,10649.2927,0.082793
0.3,0.0,0.0,0.6,0.1,11005.5641,0.084649
0.3,0.0,0.0,0.7,0.0,10642.7067,0.080184
0.3,0.0,0.1,0.0,0.6,11438.3901,0.076108
0.3,0.0,0.1,0.1,0.5,10425.3382,0.075222
0.3,0.0,0.1,0.2,0.4,11235.6142,0.073164
0.3,0.0,0.1,0.3,0.3,10866.1483,0.077428
0.3,0.0,0.1,0.4,0.2,10316.6808,0.069441
0.3,0.0,0.1,0.5,0.1,11245.7363,0.073752
0.3,0.0,0.1,0.6,0.0,10503.8751,0.068284
0.3,0.0,0.2,0.0,0.5,10109.5307,0.072209
0.3,0.0,0.2,0.1,0.4,10583.415,0.065649
0.3,0.0,0.2,0.2,0.3,10323.0325,0.06716
0.3,0.0,0.2,0.3,0.2,9826.1595,0.063047
0.3,0.0,0.2,0.4,0.1,10399.4707,0.072637
0.3,0.0,0.2,0.5,0.0,11228.427,0.069647
0.3,0.0,0.3,0.0,0.4,10486.167,0.067734
0.3,0.0,0.3,0.1,0.3,10832.1719,0.066698
0.3,0.0,0.3,0.2,0.2,10485.6271,0.070035
0.3,0.0,0.3,0.3,0.1,10908.7156,0.07348
0.3,0.0,0.3,0.4,0.0,10056.908,0.070142
0.3,0.0,0.4,0.0,0.3,10546.87,0.064097
0.3,0.0,0.4,0.1,0.2,11261.1788,0.075601
0.3,0.0,0.4,0.2,0.1,10607.3515,0.078743
0.3,0.0,0.4,0.3,0.0,10539.3302,0.067344
0.3,0.0,0.5,0.0,0.2,11473.0449,0.079531
0.3,0.0,0.5,0.1,0.1,10802.4363,0.083752
0.3,0.0,0.5,0.2,0.0,10650.2919,0.074162
0.3,0.0,0.6,0.0,0.1,10683.7447,0.075727
0.3,0.0,0.6,0.1,0.0,11136.3622,0.063985
0.3,0.0,0.7,0.0,0.0,10563.3208,0.072754
0.3,0.1,0.0,0.0,0.6,10867.4709,0.085639
0.3,0.1,0.0,0.1,0.5,10585.8024,0.082687
0.3,0.1,0.0,0.2,0.4,10887.1183,0.080417
0.3,0.1,0.0,0.3,0.3,10673.5592,0.082304
0.3,0.1,0.0,0.4,0.2,10806.2266,0.082806
0.3,0.1,0.0,0.5,0.1,10797.998,0.083354
0.3,0.1,0.0,0.6,0.0,10799.374,0.080724
0.3,0.1,0.1,0.0,0.5,10670.9316,0.065386
0.3,0.1,0.1,0.1,0.4,10571.0905,0.071296
0.3,0.1,0.1,0.2,0.3,10882.9027,0.068902
0.3,0.1,0.1,0.3,0.2,11068.7093,0.070737
0.3,0.1,0.1,0.4,0.1,10362.0736,0.068322
0.3,0.1,0.1,0.5,0.0,10792.1107,0.071399
0.3,0.1,0.2,0.0,0.4,10834.1998,0.071596
0.3,0.1,0.2,0.1,0.3,10884.8336,0.065831
0.3,0.1,0.2,0.2,0.2,10221.386,0.064711
0.3,0.1,0.2,0.3,0.1,10724.8278,0.080776
0.3,0.1,0.2,0.4,0.0,10739.9111,0.081616
0.3,0.1,0.3,0.0,0.3,9982.2904,0.069208
0.3,0.1,0.3,0.1,0.2,11235.9197,0.079117
0.3,0.1,0.3,0.2,0.1,10881.5373,0.068827
0.3,0.1,0.3,0.3,0.0,10021.4148,0.086048
0.3,0.1,0.4,0.0,0.2,10631.9142,0.069324
0.3,0.1,0.4,0.1,0.1,10484.0749,0.089229
0.3,0.1,0.4,0.2,0.0,10684.4696,0.074499
0.3,0.1,0.5,0.0,0.1,11067.5027,0.071254
0.3,0.1,0.5,0.1,0.0,10249.0362,0.066126
0.3,0.1,0.6,0.0,0.0,10760.5295,0.079678
0.3,0.2,0.0,0.0,0.5,10678.483,0.081524
0.3,0.2,0.0,0.1,0.4,10826.1676,0.083876
0.3,0.2,0.0,0.2,0.3,10710.3799,0.085369
0.3,0.2,0.0,0.3,0.2,10742.0074,0.083074
0.3,0.2,0.0,0.4,0.1,10569.8536,0.084381
0.3,0.2,0.0,0.5,0.0,10662.4449,0.082777
0.3,0.2,0.1,0.0,0.4,10568.6024,0.073762
0.3,0.2,0.1,0.1,0.3,9837.9725,0.078392
0.3,0.2,0.1,0.2,0.2,11007.1183,0.069015
0.3,0.2,0.1,0.3,0.1,10466.4335,0.069524
0.3,0.2,0.1,0.4,0.0,11065.695,0.0707
0.3,0.2,0.2,0.0,0.3,10241.7776,0.072656
0.3,0.2,0.2,0.1,0.2,10853.8649,0.077839
0.3,0.2,0.2,0.2,0.1,10875.3765,0.069287
0.3,0.2,0.2,0.3,0.0,10227.8196,0.070323
0.3,0.2,0.3,0.0,0.2,10634.1573,0.070956
0.3,0.2,0.3,0.1,0.1,10564.593,0.076389
0.3,0.2,0.3,0.2,0.0,10957.1029,0.076907
0.3,0.2,0.4,0.0,0.1,10678.369,0.070815
0.3,0.2,0.4,0.1,0.0,10436.6507,0.071494
0.3,0.2,0.5,0.0,0.0,10524.6551,0.078643
0.3,0.3,0.0,0.0,0.4,10889.9839,0.084701
0.3,0.3,0.0,0.1,0.3,10878.2868,0.081965
0.3,0.3,0.0,0.2,0.2,10649.1555,0.082596
0.3,0.3,0.0,0.3,0.1,10949.1477,0.082963
0.3,0.3,0.0,0.4,0.0,10707.788,0.082899
0.3,0.3,0.1,0.0,0.3,10898.1088,0.074636
0.3,0.3,0.1,0.1,0.2,10777.8214,0.076484
0.3,0.3,0.1,0.2,0.1,10662.2323,0.069795
0.3,0.3,0.1,0.3,0.0,10380.0047,0.073058
0.3,0.3,0.2,0.0,0.2,11248.4067,0.07728
0.3,0.3,0.2,0.1,0.1,10195.4103,0.068936
0.3,0.3,0.2,0.2,0.0,10875.7963,0.082796
0.3,0.3,0.3,0.0,0.1,10665.9522,0.08539
0.3,0.3,0.3,0.1,0.0,10965.5327,0.073426
0.3,0.3,0.4,0.0,0.0,10647.9422,0.071776
0.3,0.4,0.0,0.0,0.3,10852.2877,0.083808
0.3,0.4,0.0,0.1,0.2,10763.9904,0.083038
0.3,0.4,0.0,0.2,0.1,10764.7401,0.081468
0.3,0.4,0.0,0.3,0.0,10964.5252,0.087647
0.3,0.4,0.1,0.0,0.2,10563.3665,0.077586
0.3,0.4,0.1,0.1,0.1,10720.5714,0.073472
0.3,0.4,0.1,0.2,0.0,11052.231,0.070824
0.3,0.4,0.2,0.0,0.1,9999.2621,0.067572
0.3,0.4,0.2,0.1,0.0,11226.521,0.074826
0.3,0.4,0.3,0.0,0.0,10651.862,0.081725
0.3,0.5,0.0,0.0,0.2,10864.7186,0.084222
0.3,0.5,0.0,0.1,0.1,10864.4235,0.083152
0.3,0.5,0.0,0.2,0.0,10966.722,0.082304
0.3,0.5,0.1,0.0,0.1,11302.9127,0.077223
0.3,0.5,0.1,0.1,0.0,11420.8718,0.071394
0.3,0.5,0.2,0.0,0.0,10487.9696,0.070741
0.3,0.6,0.0,0.0,0.1,11064.6102,0.077681
0.3,0.6,0.0,0.1,0.0,10926.1938,0.084469
0.3,0.6,0.1,0.0,0.0,10923.1707,0.068185
0.3,0.7,0.0,0.0,0.0,10794.2052,0.084411
0.4,0.0,0.0,0.0,0.6,10697.0314,0.081416
0.4,0.0,0.0,0.1,0.5,10470.9816,0.081288
0.4,0.0,0.0,0.2,0.4,10842.452,0.082457
0.4,0.0,0.0,0.3,0.3,10791.2605,0.084116
0.4,0.0,0.0,0.4,0.2,10833.1024,0.081287
0.4,0.0,0.0,0.5,0.1,10614.8357,0.083237
0.4,0.0,0.0,0.6,0.0,10898.4817,0.081017
0.4,0.0,0.1,0.0,0.5,11181.8637,0.075024
0.4,0.0,0.1,0.1,0.4,11146.0888,0.079697
0.4,0.0,0.1,0.2,0.3,11028.836,0.072103
0.4,0.0,0.1,0.3,0.2,10316.7032,0.068898
0.4,0.0,0.1,0.4,0.1,10544.0475,0.070714
0.4,0.0,0.1,0.5,0.0,10696.1481,0.077525
0.4,0.0,0.2,0.0,0.4,10737.3257,0.082904
0.4,0.0,0.2,0.1,0.3,8785.1345,0.074796
0.4,0.0,0.2,0.2,0.2,10244.937,0.071675
0.4,0.0,0.2,0.3,0.1,10268.3373,0.071554
0.4,0.0,0.2,0.4,0.0,11345.0357,0.065735
0.4,0.0,0.3,0.0,0.3,11205.9684,0.070438
0.4,0.0,0.3,0.1,0.2,10737.8226,0.082198
0.4,0.0,0.3,0.2,0.1,10243.4814,0.06594
0.4,0.0,0.3,0.3,0.0,10663.0987,0.071798
0.4,0.0,0.4,0.0,0.2,11044.398,0.072773
0.4,0.0,0.4,0.1,0.1,10635.3901,0.079147
0.4,0.0,0.4,0.2,0.0,10705.1344,0.071392
0.4,0.0,0.5,0.0,0.1,10664.2858,0.071554
0.4,0.0,0.5,0.1,0.0,11032.1357,0.077545
0.4,0.0,0.6,0.0,0.0,10512.7842,0.06693
0.4,0.1,0.0,0.0,0.5,10878.972,0.081129
0.4,0.1,0.0,0.1,0.4,10879.3815,0.083234
0.4,0.1,0.0,0.2,0.3,10799.8067,0.081149
0.4,0.1,0.0,0.3,0.2,10839.1531,0.082502
0.4,0.1,0.0,0.4,0.1,10734.0156,0.082059
0.4,0.1,0.0,0.5,0.0,10794.7657,0.081801
0.4,0.1,0.1,0.0,0.4,10636.923,0.071595
0.4,0.1,0.1,0.1,0.3,10929.4515,0.073675
0.4,0.1,0.1,0.2,0.2,10619.3446,0.066687
0.4,0.1,0.1,0.3,0.1,10874.4977,0.0815
0.4,0.1,0.1,0.4,0.0,10554.4361,0.078582
0.4,0.1,0.2,0.0,0.3,10879.017,0.079326
0.4,0.1,0.2,0.1,0.2,11347.792,0.074705
0.4,0.1,0.2,0.2,0.1,10246.7258,0.06517
0.4,0.1,0.2,0.3,0.0,10398.8565,0.064583
0.4,0.1,0.3,0.0,0.2,10767.2993,0.068406
0.4,0.1,0.3,0.1,0.1,10557.7211,0.078688
0.4,0.1,0.3,0.2,0.0,10038.147,0.068397
0.4,0.1,0.4,0.0,0.1,10558.4223,0.076982
0.4,0.1,0.4,0.1,0.0,10167.0993,0.085475
0.4,0.1,0.5,0.0,0.0,11044.2261,0.080779
0.4,0.2,0.0,0.0,0.4,10815.4106,0.082482
0.4,0.2,0.0,0.1,0.3,10772.9866,0.084289
0.4,0.2,0.0,0.2,0.2,10807.6877,0.081912
0.4,0.2,0.0,0.3,0.1,10749.9394,0.082302
0.4,0.2,0.0,0.4,0.0,10727.0033,0.082741
0.4,0.2,0.1,0.0,0.3,10466.5792,0.069133
0.4,0.2,0.1,0.1,0.2,10625.3711,0.080547
0.4,0.2,0.1,0.2,0.1,10956.1378,0.079361
0.4,0.2,0.1,0.3,0.0,10758.5348,0.079545
0.4,0.2,0.2,0.0,0.2,10728.1024,0.065533
0.4,0.2,0.2,0.1,0.1,10565.9983,0.071185
0.4,0.2,0.2,0.2,0.0,10741.5366,0.069477
0.4,0.2,0.3,0.0,0.1,10966.692,0.076632
0.4,0.2,0.3,0.1,0.0,11262.4522,0.071004
0.4,0.2,0.4,0.0,0.0,10644.7821,0.06988
0.4,0.3,0.0,0.0,0.3,10703.6768,0.084051
0.4,0.3,0.0,0.1,0.2,10804.9785,0.084643
0.4,0.3,0.0,0.2,0.1,10868.4488,0.081645
0.4,0.3,0.0,0.3,0.0,10789.0007,0.082911
0.4,0.3,0.1,0.0,0.2,10368.3577,0.077321
0.4,0.3,0.1,0.1,0.1,10932.6107,0.069604
0.4,0.3,0.1,0.2,0.0,10766.635,0.06963
0.4,0.3,0.2,0.0,0.1,10989.7622,0.077239
0.4,0.3,0.2,0.1,0.0,10937.5157,0.073853
0.4,0.3,0.3,0.0,0.0,10927.8654,0.075286
0.4,0.4,0.0,0.0,0.2,10761.0841,0.085207
0.4,0.4,0.0,0.1,0.1,10786.8582,0.082974
0.4,0.4,0.0,0.2,0.0,10875.7431,0.081196
0.4,0.4,0.1,0.0,0.1,10412.4908,0.080735
0.4,0.4,0.1,0.1,0.0,10723.6191,0.075804
0.4,0.4,0.2,0.0,0.0,11230.8028,0.076368
0.4,0.5,0.0,0.0,0.1,10915.9557,0.082073
0.4,0.5,0.0,0.1,0.0,10820.7203,0.081009
0.4,0.5,0.1,0.0,0.0,10197.2297,0.068767
0.4,0.6,0.0,0.0,0.0,10846.0317,0.083821
0.5,0.0,0.0,0.0,0.5,10865.0645,0.08162
0.5,0.0,0.0,0.1,0.4,10846.4975,0.080929
0.5,0.0,0.0,0.2,0.3,10565.6791,0.081156
0.5,0.0,0.0,0.3,0.2,11580.5184,0.077297
0.5,0.0,0.0,0.4,0.1,10729.9891,0.083203
0.5,0.0,0.0,0.5,0.0,10710.1665,0.082213
0.5,0.0,0.1,0.0,0.4,11092.5877,0.07247
0.5,0.0,0.1,0.1,0.3,10966.1652,0.069385
0.5,0.0,0.1,0.2,0.2,10720.8725,0.074108
0.5,0.0,0.1,0.3,0.1,11332.8278,0.077848
0.5,0.0,0.1,0.4,0.0,10006.7405,0.061976
0.5,0.0,0.2,0.0,0.3,11091.0314,0.069812
0.5,0.0,0.2,0.1,0.2,10246.9568,0.076208
0.5,0.0,0.2,0.2,0.1,10350.7379,0.076911
0.5,0.0,0.2,0.3,0.0,10794.8764,0.077076
0.5,0.0,0.3,0.0,0.2,10580.5517,0.079256
0.5,0.0,0.3,0.1,0.1,10844.7496,0.077787
0.5,0.0,0.3,0.2,0.0,10195.5299,0.068177
0.5,0.0,0.4,0.0,0.1,10995.502,0.071816
0.5,0.0,0.4,0.1,0.0,10144.1309,0.076959
0.5,0.0,0.5,0.0,0.0,10247.6603,0.064233
0.5,0.1,0.0,0.0,0.4,10825.8359,0.081317
0.5,0.1,0.0,0.1,0.3,10872.8874,0.085915
0.5,0.1,0.0,0.2,0.2,10714.0829,0.081835
0.5,0.1,0.0,0.3,0.1,10803.126,0.08464
0.5,0.1,0.0,0.4,0.0,10935.9715,0.083311
0.5,0.1,0.1,0.0,0.3,10345.251,0.07628
0.5,0.1,0.1,0.1,0.2,10844.1451,0.067946
0.5,0.1,0.1,0.2,0.1,9658.7785,0.069984
0.5,0.1,0.1,0.3,0.0,10527.2045,0.075837
0.5,0.1,0.2,0.0,0.2,9720.1472,0.067547
0.5,0.1,0.2,0.1,0.1,10842.74,0.081318
0.5,0.1,0.2,0.2,0.0,10333.0839,0.075861
0.5,0.1,0.3,0.0,0.1,10915.6053,0.077253
0.5,0.1,0.3,0.1,0.0,10695.5326,0.077943
0.5,0.1,0.4,0.0,0.0,11121.6161,0.082494
0.5,0.2,0.0,0.0,0.3,10764.6161,0.083423
0.5,0.2,0.0,0.1,0.2,10747.8574,0.085463
0.5,0.2,0.0,0.2,0.1,10697.3335,0.083331
0.5,0.2,0.0,0.3,0.0,10744.1333,0.084692
0.5,0.2,0.1,0.0,0.2,10395.8565,0.079616
0.5,0.2,0.1,0.1,0.1,10368.5007,0.08105
0.5,0.2,0.1,0.2,0.0,10823.7654,0.075398
0.5,0.2,0.2,0.0,0.1,9954.5555,0.072216
0.5,0.2,0.2,0.1,0.0,10289.8147,0.075245
0.5,0.2,0.3,0.0,0.0,10657.1542,0.076237
0.5,0.3,0.0,0.0,0.2,10829.9054,0.081772
0.5,0.3,0.0,0.1,0.1,10497.7321,0.082787
0.5,0.3,0.0,0.2,0.0,10821.3385,0.084485
0.5,0.3,0.1,0.0,0.1,10417.6574,0.080099
0.5,0.3,0.1,0.1,0.0,11023.9897,0.076114
0.5,0.3,0.2,0.0,0.0,11366.5736,0.074456
0.5,0.4,0.0,0.0,0.1,10811.6828,0.081587
0.5,0.4,0.0,0.1,0.0,10514.4113,0.083029
0.5,0.4,0.1,0.0,0.0,10610.0019,0.076532
0.5,0.5,0.0,0.0,0.0,10729.2223,0.082763
0.6,0.0,0.0,0.0,0.4,10655.9062,0.08323
0.6,0.0,0.0,0.1,0.3,10752.5899,0.080923
0.6,0.0,0.0,0.2,0.2,10812.611,0.082805
0.6,0.0,0.0,0.3,0.1,10859.9884,0.085637
0.6,0.0,0.0,0.4,0.0,10719.4705,0.083481
0.6,0.0,0.1,0.0,0.3,11491.4315,0.072372
0.6,0.0,0.1,0.1,0.2,10949.5865,0.076865
0.6,0.0,0.1,0.2,0.1,10728.046,0.075969
0.6,0.0,0.1,0.3,0.0,10925.2305,0.070052
0.6,0.0,0.2,0.0,0.2,10497.9018,0.083055
0.6,0.0,0.2,0.1,0.1,11182.644,0.072763
0.6,0.0,0.2,0.2,0.0,10783.7547,0.072549
0.6,0.0,0.3,0.0,0.1,10925.129,0.077654
0.6,0.0,0.3,0.1,0.0,10416.4692,0.074639
0.6,0.0,0.4,0.0,0.0,9923.1443,0.059288
0.6,0.1,0.0,0.0,0.3,10864.5498,0.083013
0.6,0.1,0.0,0.1,0.2,10811.3461,0.088047
0.6,0.1,0.0,0.2,0.1,10647.822,0.084392
0.6,0.1,0.0,0.3,0.0,10851.541,0.086149
0.6,0.1,0.1,0.0,0.2,10536.1543,0.073093
0.6,0.1,0.1,0.1,0.1,10274.3614,0.069505
0.6,0.1,0.1,0.2,0.0,10853.4632,0.07206
0.6,0.1,0.2,0.0,0.1,11054.7613,0.079758
0.6,0.1,0.2,0.1,0.0,10829.6579,0.083494
0.6,0.1,0.3,0.0,0.0,10718.6237,0.076991
0.6,0.2,0.0,0.0,0.2,10743.4326,0.079466
0.6,0.2,0.0,0.1,0.1,11133.4498,0.078014
0.6,0.2,0.0,0.2,0.0,10786.5382,0.084721
0.6,0.2,0.1,0.0,0.1,10259.6407,0.068143
0.6,0.2,0.1,0.1,0.0,10685.8739,0.071978
0.6,0.2,0.2,0.0,0.0,11004.5879,0.069998
0.6,0.3,0.0,0.0,0.1,10851.9367,0.085158
0.6,0.3,0.0,0.1,0.0,10689.3338,0.08204
0.6,0.3,0.1,0.0,0.0,10894.8496,0.080132
0.6,0.4,0.0,0.0,0.0,10669.4162,0.084958
0.7,0.0,0.0,0.0,0.3,10646.2112,0.08347
0.7,0.0,0.0,0.1,0.2,11179.9935,0.082798
0.7,0.0,0.0,0.2,0.1,7707.1089,0.101803
0.7,0.0,0.0,0.3,0.0,10771.7368,0.083025
0.7,0.0,0.1,0.0,0.2,10649.7055,0.079699
0.7,0.0,0.1,0.1,0.1,10774.0927,0.073019
0.7,0.0,0.1,0.2,0.0,11032.2891,0.077424
0.7,0.0,0.2,0.0,0.1,10918.5456,0.082702
0.7,0.0,0.2,0.1,0.0,10625.6127,0.078847
0.7,0.0,0.3,0.0,0.0,10865.8956,0.080144
0.7,0.1,0.0,0.0,0.2,10750.3636,0.083669
0.7,0.1,0.0,0.1,0.1,10685.1614,0.081428
0.7,0.1,0.0,0.2,0.0,10723.3454,0.084053
0.7,0.1,0.1,0.0,0.1,11307.8987,0.073779
0.7,0.1,0.1,0.1,0.0,10996.1512,0.075289
0.7,0.1,0.2,0.0,0.0,10583.574,0.069809
0.7,0.2,0.0,0.0,0.1,10824.0829,0.083043
0.7,0.2,0.0,0.1,0.0,10919.6186,0.087627
0.7,0.2,0.1,0.0,0.0,10806.9939,0.079314
0.7,0.3,0.0,0.0,0.0,11004.7732,0.076901
0.8,0.0,0.0,0.0,0.2,10791.0533,0.077629
0.8,0.0,0.0,0.1,0.1,10833.0918,0.081993
0.8,0.0,0.0,0.2,0.0,10827.6434,0.083996
0.8,0.0,0.1,0.0,0.1,10728.7907,0.078023
0.8,0.0,0.1,0.1,0.0,10415.1901,0.077217
0.8,0.0,0.2,0.0,0.0,10529.3072,0.074079
0.8,0.1,0.0,0.0,0.1,10908.4979,0.080413
0.8,0.1,0.0,0.1,0.0,10689.4503,0.080861
0.8,0.1,0.1,0.0,0.0,10753.981,0.081818
0.8,0.2,0.0,0.0,0.0,10907.59,0.084568
0.9,0.0,0.0,0.0,0.1,10789.4477,0.083627
0.9,0.0,0.0,0.1,0.0,10932.5546,0.085528
0.9,0.0,0.1,0.0,0.0,11483.3134,0.070044
0.9,0.1,0.0,0.0,0.0,10995.5491,0.08178
1.0,0.0,0.0,0.0,0.0,10876.7746,0.082142
